class_id,class_name,train_count,train_pct,valid_count,valid_pct,test_count,test_pct,all_count,all_pct
0,Speed limit (20km/h),180,0.5172562429954883,30,0.6802721088435374,60,0.4750593824228029,270,0.5208433804664442
1,Speed limit (30km/h),1980,5.689818672950373,240,5.442176870748299,720,5.7007125890736345,2940,5.671405698412392
2,Speed limit (50km/h),2010,5.776028046782954,240,5.442176870748299,750,5.938242280285035,3000,5.78714867184938
3,Speed limit (60km/h),1260,3.620793700968419,150,3.4013605442176873,450,3.5629453681710213,1860,3.5880321765466157
4,Speed limit (70km/h),1770,5.086353056122302,210,4.761904761904762,660,5.225653206650831,2640,5.092690831227454
5,Speed limit (80km/h),1650,4.741515560791977,210,4.761904761904762,630,4.98812351543943,2490,4.803333397634986
6,End of speed limit (80km/h),360,1.0345124859909767,60,1.3605442176870748,150,1.187648456057007,570,1.099558247651382
7,Speed limit (100km/h),1290,3.707003074801,150,3.4013605442176873,450,3.5629453681710213,1890,3.645903663265109
8,Speed limit (120km/h),1260,3.620793700968419,150,3.4013605442176873,450,3.5629453681710213,1860,3.5880321765466157
9,No passing,1320,3.7932124486335814,150,3.4013605442176873,480,3.800475059382423,1950,3.761646636702097
10,No passing for vehicles over 3.5 metric tons,1800,5.172562429954883,210,4.761904761904762,660,5.225653206650831,2670,5.1505623179459485
11,Right-of-way at the next intersection,1170,3.3621655794706746,150,3.4013605442176873,420,3.32541567695962,1740,3.3565462296726403
12,Priority road,1890,5.4311905514526275,210,4.761904761904762,690,5.463182897862233,2790,5.3820482648199235
13,Yield,1920,5.5173999252852095,240,5.442176870748299,720,5.7007125890736345,2880,5.555662724975405
14,Stop,690,1.982815598149372,90,2.0408163265306123,270,2.137767220902613,1050,2.0255020351472828
15,No vehicles,540,1.5517687289864652,90,2.0408163265306123,210,1.66270783847981,840,1.6204016281178264
16,Vehicles over 3.5 metric tons prohibited,360,1.0345124859909767,60,1.3605442176870748,150,1.187648456057007,570,1.099558247651382
17,No entry,990,2.8449093364751863,120,2.7210884353741496,360,2.8503562945368173,1470,2.835702849206196
18,General caution,1080,3.1035374579729305,120,2.7210884353741496,390,3.0878859857482186,1590,3.0671887960801714
19,Dangerous curve to the left,180,0.5172562429954883,30,0.6802721088435374,60,0.4750593824228029,270,0.5208433804664442
20,Dangerous curve to the right,300,0.8620937383258139,60,1.3605442176870748,90,0.7125890736342043,450,0.8680723007774069
21,Double curve,270,0.7758843644932326,60,1.3605442176870748,90,0.7125890736342043,420,0.8102008140589132
22,Bumpy road,330,0.9483031121583954,60,1.3605442176870748,120,0.9501187648456058,510,0.9838152742143946
23,Slippery road,450,1.2931406074887208,60,1.3605442176870748,150,1.187648456057007,660,1.2731727078068635
24,Road narrows on the right,240,0.6896749906606512,30,0.6802721088435374,90,0.7125890736342043,360,0.6944578406219256
25,Road work,1350,3.879421822466163,150,3.4013605442176873,480,3.800475059382423,1980,3.8195181234205906
26,Traffic signals,540,1.5517687289864652,60,1.3605442176870748,180,1.4251781472684086,780,1.5046586546808387
27,Pedestrians,210,0.6034656168280698,30,0.6802721088435374,60,0.4750593824228029,300,0.5787148671849379
28,Children crossing,480,1.3793499813213024,60,1.3605442176870748,150,1.187648456057007,690,1.3310441945253575
29,Bicycles crossing,240,0.6896749906606512,30,0.6802721088435374,90,0.7125890736342043,360,0.6944578406219256
30,Beware of ice/snow,390,1.1207218598235582,60,1.3605442176870748,150,1.187648456057007,600,1.1574297343698758
31,Wild animals crossing,690,1.982815598149372,90,2.0408163265306123,270,2.137767220902613,1050,2.0255020351472828
32,End of all speed and passing limits,210,0.6034656168280698,30,0.6802721088435374,60,0.4750593824228029,300,0.5787148671849379
33,Turn right ahead,599,1.7213138308572085,90,2.0408163265306123,210,1.66270783847981,899,1.7342155519975306
34,Turn left ahead,360,1.0345124859909767,60,1.3605442176870748,120,0.9501187648456058,540,1.0416867609328884
35,Ahead only,1080,3.1035374579729305,120,2.7210884353741496,390,3.0878859857482186,1590,3.0671887960801714
36,Go straight or right,330,0.9483031121583954,60,1.3605442176870748,120,0.9501187648456058,510,0.9838152742143946
37,Go straight or left,180,0.5172562429954883,30,0.6802721088435374,60,0.4750593824228029,270,0.5208433804664442
38,Keep right,1860,5.344981177620046,210,4.761904761904762,690,5.463182897862233,2760,5.32417677810143
39,Keep left,270,0.7758843644932326,30,0.6802721088435374,90,0.7125890736342043,390,0.7523293273404194
40,Roundabout mandatory,300,0.8620937383258139,60,1.3605442176870748,90,0.7125890736342043,450,0.8680723007774069
41,End of no passing,210,0.6034656168280698,30,0.6802721088435374,60,0.4750593824228029,300,0.5787148671849379
42,End of no passing by vehicles over 3.5 metric tons,210,0.6034656168280698,30,0.6802721088435374,90,0.7125890736342043,330,0.6365863539034318
